<?xml version="1.0"?>
<!DOCTYPE hibernate-mapping PUBLIC "-//Hibernate/Hibernate Mapping DTD 3.0//EN"
"http://hibernate.sourceforge.net/hibernate-mapping-3.0.dtd">
<!-- Generated Jul 28, 2011 1:56:46 PM by Hibernate Tools 3.2.1.GA -->
<hibernate-mapping>
    <class name="dvdrental.Actor" table="actor" catalog="sakila">
        <id name="actorId" type="java.lang.Short">
            <column name="actor_id" />
            <generator class="identity" />
        </id>
        <property name="firstName" type="string">
            <column name="first_name" length="45" not-null="true" />
        </property>
        <property name="lastName" type="string">
            <column name="last_name" length="45" not-null="true" />
        </property>
        <property name="lastUpdate" type="timestamp">
            <column name="last_update" length="19" not-null="true" />
        </property>
        <set name="filmActors" inverse="true">
            <key>
                <column name="actor_id" not-null="true" />
            </key>
            <one-to-many class="dvdrental.FilmActor" />
        </set>
    </class>
</hibernate-mapping>
