<?xml version="1.0"?>
<!DOCTYPE hibernate-mapping PUBLIC "-//Hibernate/Hibernate Mapping DTD 3.0//EN"
"http://hibernate.sourceforge.net/hibernate-mapping-3.0.dtd">
<!-- Generated Jul 28, 2011 1:56:46 PM by Hibernate Tools 3.2.1.GA -->
<hibernate-mapping>
    <class name="dvdrental.Category" table="category" catalog="sakila">
        <id name="categoryId" type="java.lang.Byte">
            <column name="category_id" />
            <generator class="identity" />
        </id>
        <property name="name" type="string">
            <column name="name" length="25" not-null="true" />
        </property>
        <property name="lastUpdate" type="timestamp">
            <column name="last_update" length="19" not-null="true" />
        </property>
        <set name="filmCategories" inverse="true">
            <key>
                <column name="category_id" not-null="true" />
            </key>
            <one-to-many class="dvdrental.FilmCategory" />
        </set>
    </class>
</hibernate-mapping>
