<?xml version="1.0"?>
<!DOCTYPE hibernate-mapping PUBLIC "-//Hibernate/Hibernate Mapping DTD 3.0//EN"
"http://hibernate.sourceforge.net/hibernate-mapping-3.0.dtd">
<!-- Generated Jul 28, 2011 1:56:46 PM by Hibernate Tools 3.2.1.GA -->
<hibernate-mapping>
    <class name="dvdrental.FilmCategory" table="film_category" catalog="sakila">
        <composite-id name="id" class="dvdrental.FilmCategoryId">
            <key-property name="filmId" type="short">
                <column name="film_id" />
            </key-property>
            <key-property name="categoryId" type="byte">
                <column name="category_id" />
            </key-property>
        </composite-id>
        <many-to-one name="film" class="dvdrental.Film" update="false" insert="false" fetch="select">
            <column name="film_id" not-null="true" />
        </many-to-one>
        <many-to-one name="category" class="dvdrental.Category" update="false" insert="false" fetch="select">
            <column name="category_id" not-null="true" />
        </many-to-one>
        <property name="lastUpdate" type="timestamp">
            <column name="last_update" length="19" not-null="true" />
        </property>
    </class>
</hibernate-mapping>
